variable_name,display_name,definition,unit,data_type,role,allowed_missing,notes
ALT,Alanine aminotransferase,Alanine aminotransferase measured in an eligible paired laboratory episode.,U/L,float,candidate only,yes; development-fitted median imputation,Case-source unit labels verified; independent control unit provenance unavailable. No unit conversion performed.
AST,Aspartate aminotransferase,Aspartate aminotransferase measured in an eligible paired laboratory episode.,U/L,float,candidate only,yes; development-fitted median imputation,Case-source unit labels verified; independent control unit provenance unavailable. No unit conversion performed.
TP,Total protein,Total protein measured in an eligible paired laboratory episode.,g/L,float,final predictor; candidate,yes; development-fitted median imputation,Case-source unit labels verified; independent control unit provenance unavailable. No unit conversion performed.
ALB,Albumin,Albumin measured in an eligible paired laboratory episode.,g/L,float,candidate only,yes; development-fitted median imputation,Case-source unit labels verified; independent control unit provenance unavailable. No unit conversion performed.
GLB,Globulin,Globulin measured in an eligible paired laboratory episode.,g/L,float,final predictor; candidate,yes; development-fitted median imputation,Case-source unit labels verified; independent control unit provenance unavailable. No unit conversion performed.
A/G,Albumin/globulin ratio,Albumin/globulin ratio measured in an eligible paired laboratory episode.,ratio,float,final predictor; candidate,yes; development-fitted median imputation,Case-source unit labels verified; independent control unit provenance unavailable. No unit conversion performed.
TBIL,Total bilirubin,Total bilirubin measured in an eligible paired laboratory episode.,µmol/L,float,candidate only,yes; development-fitted median imputation,Case-source unit labels verified; independent control unit provenance unavailable. No unit conversion performed.
DBIL,Direct bilirubin,Direct bilirubin measured in an eligible paired laboratory episode.,µmol/L,float,candidate only,yes; development-fitted median imputation,Case-source unit labels verified; independent control unit provenance unavailable. No unit conversion performed.
IBIL,Indirect bilirubin,Indirect bilirubin measured in an eligible paired laboratory episode.,µmol/L,float,candidate only,yes; development-fitted median imputation,Case-source unit labels verified; independent control unit provenance unavailable. No unit conversion performed.
ALP,Alkaline phosphatase,Alkaline phosphatase measured in an eligible paired laboratory episode.,U/L,float,candidate only,yes; development-fitted median imputation,Case-source unit labels verified; independent control unit provenance unavailable. No unit conversion performed.
GGT,Gamma-glutamyl transferase,Gamma-glutamyl transferase measured in an eligible paired laboratory episode.,U/L,float,candidate only,yes; development-fitted median imputation,Case-source unit labels verified; independent control unit provenance unavailable. No unit conversion performed.
PAB,Prealbumin,Prealbumin measured in an eligible paired laboratory episode.,mg/L,float,candidate only,yes; development-fitted median imputation,Case-source unit labels verified; independent control unit provenance unavailable. No unit conversion performed.
BUN,Urea-related source analyte,Urea-related source analyte measured in an eligible paired laboratory episode.,mmol/L,float,candidate only,yes; development-fitted median imputation,Case-source unit labels verified; independent control unit provenance unavailable. No unit conversion performed. Source urea versus urea-nitrogen terminology unresolved; retain original numeric scale.
CREA,Creatinine,Creatinine measured in an eligible paired laboratory episode.,µmol/L,float,candidate only,yes; development-fitted median imputation,Case-source unit labels verified; independent control unit provenance unavailable. No unit conversion performed.
UA,Uric acid,Uric acid measured in an eligible paired laboratory episode.,µmol/L,float,candidate only,yes; development-fitted median imputation,Case-source unit labels verified; independent control unit provenance unavailable. No unit conversion performed.
GLU,Glucose,Glucose measured in an eligible paired laboratory episode.,mmol/L,float,candidate only,yes; development-fitted median imputation,Case-source unit labels verified; independent control unit provenance unavailable. No unit conversion performed.
WBC,White blood cell count,White blood cell count measured in an eligible paired laboratory episode.,10⁹/L,float,candidate only,yes; development-fitted median imputation,Case-source unit labels verified; independent control unit provenance unavailable. No unit conversion performed.
NEUT%,Neutrophil percentage,Neutrophil percentage measured in an eligible paired laboratory episode.,%,float,final predictor; candidate,yes; development-fitted median imputation,Case-source unit labels verified; independent control unit provenance unavailable. No unit conversion performed.
LYMPH%,Lymphocyte percentage,Lymphocyte percentage measured in an eligible paired laboratory episode.,%,float,final predictor; candidate,yes; development-fitted median imputation,Case-source unit labels verified; independent control unit provenance unavailable. No unit conversion performed.
MONO%,Monocyte percentage,Monocyte percentage measured in an eligible paired laboratory episode.,%,float,final predictor; candidate,yes; development-fitted median imputation,Case-source unit labels verified; independent control unit provenance unavailable. No unit conversion performed.
EO%,Eosinophil percentage,Eosinophil percentage measured in an eligible paired laboratory episode.,%,float,candidate only,yes; development-fitted median imputation,Case-source unit labels verified; independent control unit provenance unavailable. No unit conversion performed.
BASO%,Basophil percentage,Basophil percentage measured in an eligible paired laboratory episode.,%,float,candidate only,yes; development-fitted median imputation,Case-source unit labels verified; independent control unit provenance unavailable. No unit conversion performed.
NEUT#,Absolute neutrophil count,Absolute neutrophil count measured in an eligible paired laboratory episode.,10⁹/L,float,candidate only,yes; development-fitted median imputation,Case-source unit labels verified; independent control unit provenance unavailable. No unit conversion performed.
LYMPH#,Absolute lymphocyte count,Absolute lymphocyte count measured in an eligible paired laboratory episode.,10⁹/L,float,final predictor; candidate,yes; development-fitted median imputation,Case-source unit labels verified; independent control unit provenance unavailable. No unit conversion performed.
MONO#,Absolute monocyte count,Absolute monocyte count measured in an eligible paired laboratory episode.,10⁹/L,float,candidate only,yes; development-fitted median imputation,Case-source unit labels verified; independent control unit provenance unavailable. No unit conversion performed.
EO#,Absolute eosinophil count,Absolute eosinophil count measured in an eligible paired laboratory episode.,10⁹/L,float,candidate only,yes; development-fitted median imputation,Case-source unit labels verified; independent control unit provenance unavailable. No unit conversion performed.
BASO#,Absolute basophil count,Absolute basophil count measured in an eligible paired laboratory episode.,10⁹/L,float,candidate only,yes; development-fitted median imputation,Case-source unit labels verified; independent control unit provenance unavailable. No unit conversion performed.
RBC,Red blood cell count,Red blood cell count measured in an eligible paired laboratory episode.,10¹²/L,float,final predictor; candidate,yes; development-fitted median imputation,Case-source unit labels verified; independent control unit provenance unavailable. No unit conversion performed.
HGB,Hemoglobin,Hemoglobin measured in an eligible paired laboratory episode.,g/L,float,final predictor; candidate,yes; development-fitted median imputation,Case-source unit labels verified; independent control unit provenance unavailable. No unit conversion performed.
HCT,Hematocrit,Hematocrit measured in an eligible paired laboratory episode.,%,float,final predictor; candidate,yes; development-fitted median imputation,Case-source unit labels verified; independent control unit provenance unavailable. No unit conversion performed.
MCV,Mean corpuscular volume,Mean corpuscular volume measured in an eligible paired laboratory episode.,fL,float,candidate only,yes; development-fitted median imputation,Case-source unit labels verified; independent control unit provenance unavailable. No unit conversion performed.
MCH,Mean corpuscular hemoglobin,Mean corpuscular hemoglobin measured in an eligible paired laboratory episode.,pg,float,candidate only,yes; development-fitted median imputation,Case-source unit labels verified; independent control unit provenance unavailable. No unit conversion performed.
MCHC,Mean corpuscular hemoglobin concentration,Mean corpuscular hemoglobin concentration measured in an eligible paired laboratory episode.,g/L,float,final predictor; candidate,yes; development-fitted median imputation,Case-source unit labels verified; independent control unit provenance unavailable. No unit conversion performed.
RDW-SD,Red cell distribution width SD,Red cell distribution width SD measured in an eligible paired laboratory episode.,fL,float,final predictor; candidate,yes; development-fitted median imputation,Case-source unit labels verified; independent control unit provenance unavailable. No unit conversion performed.
RDW-CV,Red cell distribution width CV,Red cell distribution width CV measured in an eligible paired laboratory episode.,%,float,final predictor; candidate,yes; development-fitted median imputation,Case-source unit labels verified; independent control unit provenance unavailable. No unit conversion performed.
PLT,Platelet count,Platelet count measured in an eligible paired laboratory episode.,10⁹/L,float,candidate only,yes; development-fitted median imputation,Case-source unit labels verified; independent control unit provenance unavailable. No unit conversion performed.
PCT,Plateletcrit,Plateletcrit measured in an eligible paired laboratory episode.,%,float,candidate only,yes; development-fitted median imputation,"Case-source unit labels verified; independent control unit provenance unavailable. No unit conversion performed. Plateletcrit, not procalcitonin. Missing in six external case panels; zero missing development values."
PDW,Platelet distribution width,Platelet distribution width measured in an eligible paired laboratory episode.,fL,float,candidate only,yes; development-fitted median imputation,Case-source unit labels verified; independent control unit provenance unavailable. No unit conversion performed. Missing in six external case panels; zero missing development values.
MPV,Mean platelet volume,Mean platelet volume measured in an eligible paired laboratory episode.,fL,float,candidate only,yes; development-fitted median imputation,Case-source unit labels verified; independent control unit provenance unavailable. No unit conversion performed. Missing in six external case panels; zero missing development values.
P-LCR,Platelet large cell ratio,Platelet large cell ratio measured in an eligible paired laboratory episode.,%,float,candidate only,yes; development-fitted median imputation,Case-source unit labels verified; independent control unit provenance unavailable. No unit conversion performed. Missing in six external case panels; zero missing development values.
